id,firstname,lastname,email,email2,profession
100,Anthia,O'Carroll,Anthia.O'Carroll@yopmail.com,Anthia.O'Carroll@gmail.com,worker
101,Tina,Noam,Tina.Noam@yopmail.com,Tina.Noam@gmail.com,worker
102,Bettine,Wildermuth,Bettine.Wildermuth@yopmail.com,Bettine.Wildermuth@gmail.com,developer
103,Zia,My,Zia.My@yopmail.com,Zia.My@gmail.com,firefighter
104,Nollie,Rooney,Nollie.Rooney@yopmail.com,Nollie.Rooney@gmail.com,developer
105,Michaelina,Olin,Michaelina.Olin@yopmail.com,Michaelina.Olin@gmail.com,developer
106,Leeanne,Fairweather,Leeanne.Fairweather@yopmail.com,Leeanne.Fairweather@gmail.com,police officer
107,Roslyn,Ledah,Roslyn.Ledah@yopmail.com,Roslyn.Ledah@gmail.com,developer
108,Marleah,Barrus,Marleah.Barrus@yopmail.com,Marleah.Barrus@gmail.com,doctor
109,Rivalee,Wattenberg,Rivalee.Wattenberg@yopmail.com,Rivalee.Wattenberg@gmail.com,worker
110,Trixi,Gavrila,Trixi.Gavrila@yopmail.com,Trixi.Gavrila@gmail.com,doctor
111,Dacia,Sigfrid,Dacia.Sigfrid@yopmail.com,Dacia.Sigfrid@gmail.com,developer
112,Valeda,Boehike,Valeda.Boehike@yopmail.com,Valeda.Boehike@gmail.com,police officer
113,Marcy,Lytton,Marcy.Lytton@yopmail.com,Marcy.Lytton@gmail.com,police officer
114,Janeczka,Lucienne,Janeczka.Lucienne@yopmail.com,Janeczka.Lucienne@gmail.com,doctor
115,Sonni,Elephus,Sonni.Elephus@yopmail.com,Sonni.Elephus@gmail.com,worker
116,Nannie,Loleta,Nannie.Loleta@yopmail.com,Nannie.Loleta@gmail.com,firefighter
117,Hettie,Cristi,Hettie.Cristi@yopmail.com,Hettie.Cristi@gmail.com,doctor
118,Deirdre,Elisha,Deirdre.Elisha@yopmail.com,Deirdre.Elisha@gmail.com,worker
119,Desirae,Hedve,Desirae.Hedve@yopmail.com,Desirae.Hedve@gmail.com,worker
120,Isa,Sigfrid,Isa.Sigfrid@yopmail.com,Isa.Sigfrid@gmail.com,worker
121,Gabriellia,Rossner,Gabriellia.Rossner@yopmail.com,Gabriellia.Rossner@gmail.com,firefighter
122,Siana,Amadas,Siana.Amadas@yopmail.com,Siana.Amadas@gmail.com,police officer
123,Kimmy,Leffen,Kimmy.Leffen@yopmail.com,Kimmy.Leffen@gmail.com,firefighter
124,Selia,Schwejda,Selia.Schwejda@yopmail.com,Selia.Schwejda@gmail.com,doctor
125,Candy,Viddah,Candy.Viddah@yopmail.com,Candy.Viddah@gmail.com,doctor
126,Minda,Shields,Minda.Shields@yopmail.com,Minda.Shields@gmail.com,police officer
127,Ana,Michella,Ana.Michella@yopmail.com,Ana.Michella@gmail.com,worker
128,Carmencita,Zrike,Carmencita.Zrike@yopmail.com,Carmencita.Zrike@gmail.com,developer
129,Consuela,Hailee,Consuela.Hailee@yopmail.com,Consuela.Hailee@gmail.com,police officer
130,Aubrie,Ingra,Aubrie.Ingra@yopmail.com,Aubrie.Ingra@gmail.com,worker
131,Kayla,Amand,Kayla.Amand@yopmail.com,Kayla.Amand@gmail.com,developer
132,Alie,Ehrman,Alie.Ehrman@yopmail.com,Alie.Ehrman@gmail.com,police officer
133,Blondelle,Bonilla,Blondelle.Bonilla@yopmail.com,Blondelle.Bonilla@gmail.com,worker
134,Nikki,Rubie,Nikki.Rubie@yopmail.com,Nikki.Rubie@gmail.com,doctor
135,Ericka,Zamora,Ericka.Zamora@yopmail.com,Ericka.Zamora@gmail.com,worker
136,Barbara,Phaidra,Barbara.Phaidra@yopmail.com,Barbara.Phaidra@gmail.com,police officer
137,Johna,Bultman,Johna.Bultman@yopmail.com,Johna.Bultman@gmail.com,firefighter
138,Raf,Erb,Raf.Erb@yopmail.com,Raf.Erb@gmail.com,firefighter
139,Donnie,Curren,Donnie.Curren@yopmail.com,Donnie.Curren@gmail.com,police officer
140,Farrah,Craggie,Farrah.Craggie@yopmail.com,Farrah.Craggie@gmail.com,developer
141,Viviene,Mitzi,Viviene.Mitzi@yopmail.com,Viviene.Mitzi@gmail.com,firefighter
142,Margette,Redmond,Margette.Redmond@yopmail.com,Margette.Redmond@gmail.com,police officer
143,Dorthy,Tomasina,Dorthy.Tomasina@yopmail.com,Dorthy.Tomasina@gmail.com,firefighter
144,Jacquetta,Barrus,Jacquetta.Barrus@yopmail.com,Jacquetta.Barrus@gmail.com,worker
145,Nataline,Cleo,Nataline.Cleo@yopmail.com,Nataline.Cleo@gmail.com,police officer
146,Shel,Shields,Shel.Shields@yopmail.com,Shel.Shields@gmail.com,doctor
147,Evita,Garrison,Evita.Garrison@yopmail.com,Evita.Garrison@gmail.com,developer
148,Trixi,Wooster,Trixi.Wooster@yopmail.com,Trixi.Wooster@gmail.com,firefighter
149,Monika,Kiersten,Monika.Kiersten@yopmail.com,Monika.Kiersten@gmail.com,firefighter
150,Donnie,Hewitt,Donnie.Hewitt@yopmail.com,Donnie.Hewitt@gmail.com,firefighter
151,Starla,Orlene,Starla.Orlene@yopmail.com,Starla.Orlene@gmail.com,developer
152,Winny,Colyer,Winny.Colyer@yopmail.com,Winny.Colyer@gmail.com,police officer
153,Dagmar,Wallis,Dagmar.Wallis@yopmail.com,Dagmar.Wallis@gmail.com,doctor
154,Leona,Stover,Leona.Stover@yopmail.com,Leona.Stover@gmail.com,doctor
155,Anica,Kannry,Anica.Kannry@yopmail.com,Anica.Kannry@gmail.com,police officer
156,Dorice,Pettiford,Dorice.Pettiford@yopmail.com,Dorice.Pettiford@gmail.com,firefighter
157,Lucy,Calhoun,Lucy.Calhoun@yopmail.com,Lucy.Calhoun@gmail.com,doctor
158,Augustine,Radu,Augustine.Radu@yopmail.com,Augustine.Radu@gmail.com,developer
159,Jolyn,Felizio,Jolyn.Felizio@yopmail.com,Jolyn.Felizio@gmail.com,firefighter
160,Sindee,Tippets,Sindee.Tippets@yopmail.com,Sindee.Tippets@gmail.com,worker
161,Marjie,Sinegold,Marjie.Sinegold@yopmail.com,Marjie.Sinegold@gmail.com,worker
162,Marjie,Johanna,Marjie.Johanna@yopmail.com,Marjie.Johanna@gmail.com,police officer
163,Malina,Bohlin,Malina.Bohlin@yopmail.com,Malina.Bohlin@gmail.com,developer
164,Silvana,Ade,Silvana.Ade@yopmail.com,Silvana.Ade@gmail.com,worker
165,Cyb,Delila,Cyb.Delila@yopmail.com,Cyb.Delila@gmail.com,developer
166,Layla,Hailee,Layla.Hailee@yopmail.com,Layla.Hailee@gmail.com,worker
167,Rosabelle,Brandice,Rosabelle.Brandice@yopmail.com,Rosabelle.Brandice@gmail.com,worker
168,Sara-Ann,Alrich,Sara-Ann.Alrich@yopmail.com,Sara-Ann.Alrich@gmail.com,worker
169,Maye,Chem,Maye.Chem@yopmail.com,Maye.Chem@gmail.com,worker
170,Sara-Ann,Brenn,Sara-Ann.Brenn@yopmail.com,Sara-Ann.Brenn@gmail.com,developer
171,Averyl,Cullin,Averyl.Cullin@yopmail.com,Averyl.Cullin@gmail.com,police officer
172,Brandise,Friede,Brandise.Friede@yopmail.com,Brandise.Friede@gmail.com,police officer
173,Caressa,Daveta,Caressa.Daveta@yopmail.com,Caressa.Daveta@gmail.com,firefighter
174,Jasmina,Greyson,Jasmina.Greyson@yopmail.com,Jasmina.Greyson@gmail.com,worker
175,Ronna,Hillel,Ronna.Hillel@yopmail.com,Ronna.Hillel@gmail.com,police officer
176,Paulita,Norrie,Paulita.Norrie@yopmail.com,Paulita.Norrie@gmail.com,worker
177,Shirlee,Pond,Shirlee.Pond@yopmail.com,Shirlee.Pond@gmail.com,developer
178,Fred,Bates,Fred.Bates@yopmail.com,Fred.Bates@gmail.com,firefighter
179,Eugine,Pozzy,Eugine.Pozzy@yopmail.com,Eugine.Pozzy@gmail.com,developer
180,Dale,Kravits,Dale.Kravits@yopmail.com,Dale.Kravits@gmail.com,developer
181,Amalie,Aida,Amalie.Aida@yopmail.com,Amalie.Aida@gmail.com,firefighter
182,Margalo,Dunkin,Margalo.Dunkin@yopmail.com,Margalo.Dunkin@gmail.com,worker
183,Robbi,Erb,Robbi.Erb@yopmail.com,Robbi.Erb@gmail.com,developer
184,Beatriz,Etom,Beatriz.Etom@yopmail.com,Beatriz.Etom@gmail.com,developer
185,Rivalee,Sheng,Rivalee.Sheng@yopmail.com,Rivalee.Sheng@gmail.com,developer
186,Jennica,Edmund,Jennica.Edmund@yopmail.com,Jennica.Edmund@gmail.com,firefighter
187,Tilly,Weitman,Tilly.Weitman@yopmail.com,Tilly.Weitman@gmail.com,developer
188,Danny,Elephus,Danny.Elephus@yopmail.com,Danny.Elephus@gmail.com,police officer
189,Latisha,Mathilde,Latisha.Mathilde@yopmail.com,Latisha.Mathilde@gmail.com,worker
190,Constance,Armanda,Constance.Armanda@yopmail.com,Constance.Armanda@gmail.com,worker
191,Babita,Hepsibah,Babita.Hepsibah@yopmail.com,Babita.Hepsibah@gmail.com,firefighter
192,Eugine,Johanna,Eugine.Johanna@yopmail.com,Eugine.Johanna@gmail.com,firefighter
193,Susan,Yam,Susan.Yam@yopmail.com,Susan.Yam@gmail.com,worker
194,Corry,Susannah,Corry.Susannah@yopmail.com,Corry.Susannah@gmail.com,developer
195,Rori,Firmin,Rori.Firmin@yopmail.com,Rori.Firmin@gmail.com,firefighter
196,Roberta,Alwin,Roberta.Alwin@yopmail.com,Roberta.Alwin@gmail.com,worker
197,Ofilia,Bebe,Ofilia.Bebe@yopmail.com,Ofilia.Bebe@gmail.com,doctor
198,Tiffie,Angelis,Tiffie.Angelis@yopmail.com,Tiffie.Angelis@gmail.com,worker
199,Constance,Ammann,Constance.Ammann@yopmail.com,Constance.Ammann@gmail.com,worker